customer_id,customer_name,city,state
cust_00001,Neha Verma,Jaipur,RJ
cust_00002,Pooja Kulkarni,Pune,MH
cust_00003,Arjun Deshmukh,Bengaluru,KA
cust_00004,Nikhil Nair,Pune,MH
cust_00005,Neha Singh,Jaipur,RJ
cust_00006,Riya Malhotra,Chennai,TN
cust_00007,Karan Gupta,Mumbai,MH
cust_00008,Neha Nair,Delhi,DL
cust_00009,Kavya Mehta,Bengaluru,KA
cust_00010,Ishita Choudhury,Bengaluru,KA
cust_00011,Nikhil Choudhury,Chennai,TN
cust_00012,Siddharth Gupta,Kolkata,WB
cust_00013,Kavya Mehta,Chennai,TN
cust_00014,Aditya Reddy,Jaipur,RJ
cust_00015,Rahul Malhotra,Chandigarh,CH
cust_00016,Kavya Gupta,Bengaluru,KA
cust_00017,Karan Mehta,Delhi,DL
cust_00018,Aarav Mehta,Bengaluru,KA
cust_00019,Varun Choudhury,Chandigarh,CH
cust_00020,Aditi Nair,Kolkata,WB
cust_00021,Kavya Reddy,Delhi,DL
cust_00022,Vikram Iyer,Hyderabad,TS
cust_00023,Aarav Bose,Bengaluru,KA
cust_00024,Riya Bose,Mumbai,MH
cust_00025,Kavya Patel,Hyderabad,TS
cust_00026,Riya Mehta,Mumbai,MH
cust_00027,Aarav Reddy,Hyderabad,TS
cust_00028,Ananya Mehta,Chennai,TN
cust_00029,Aditya Nair,Bengaluru,KA
cust_00030,Ananya Mehta,Jaipur,RJ
cust_00031,Riya Joshi,Mumbai,MH
cust_00032,Kavya Singh,Chandigarh,CH
cust_00033,Ishita Gupta,Delhi,DL
cust_00034,Neha Sharma,Hyderabad,TS
cust_00035,Pooja Malhotra,Hyderabad,TS
cust_00036,Aditya Mehta,Bengaluru,KA
cust_00037,Karan Nair,Mumbai,MH
cust_00038,Pooja Reddy,Chandigarh,CH
cust_00039,Neha Choudhury,Jaipur,RJ
cust_00040,Ananya Choudhury,Pune,MH
cust_00041,Pooja Sharma,Jaipur,RJ
cust_00042,Vikram Joshi,Bengaluru,KA
cust_00043,Ananya Kulkarni,Mumbai,MH
cust_00044,Sneha Deshmukh,Kolkata,WB
cust_00045,Pooja Kulkarni,Jaipur,RJ
cust_00046,Ishita Gupta,Delhi,DL
cust_00047,Aditya Iyer,Kolkata,WB
cust_00048,Pooja Nair,Chandigarh,CH
cust_00049,Rahul Iyer,Mumbai,MH
cust_00050,Riya Iyer,Chandigarh,CH
cust_00051,Aarav Bose,Mumbai,MH
cust_00052,Karan Joshi,Hyderabad,TS
cust_00053,Kavya Gupta,Hyderabad,TS
cust_00054,Tanvi Nair,Bengaluru,KA
cust_00055,Arjun Sharma,Pune,MH
cust_00056,Riya Kulkarni,Mumbai,MH
cust_00057,Ananya Joshi,Chennai,TN
cust_00058,Ishita Bose,Jaipur,RJ
cust_00059,Varun Singh,Pune,MH
cust_00060,Sneha Nair,Pune,MH
cust_00061,Pooja Singh,Kolkata,WB
cust_00062,Aarav Malhotra,Delhi,DL
cust_00063,Aditya Iyer,Kolkata,WB
cust_00064,Sneha Patel,Mumbai,MH
cust_00065,Riya Iyer,Jaipur,RJ
cust_00066,Siddharth Joshi,Chandigarh,CH
cust_00067,Sneha Reddy,Mumbai,MH
cust_00068,Pooja Deshmukh,Pune,MH
cust_00069,Siddharth Deshmukh,Chennai,TN
cust_00070,Arjun Patel,Hyderabad,TS
cust_00071,Kavya Nair,Ahmedabad,GJ
cust_00072,Kavya Choudhury,Ahmedabad,GJ
cust_00073,Vikram Sharma,Mumbai,MH
cust_00074,Sneha Malhotra,Kolkata,WB
cust_00075,Sneha Sharma,Chandigarh,CH
cust_00076,Arjun Patel,Jaipur,RJ
cust_00077,Kavya Reddy,Bengaluru,KA
cust_00078,Sneha Patel,Hyderabad,TS
cust_00079,Riya Malhotra,Pune,MH
cust_00080,Aditya Mehta,Pune,MH
cust_00081,Neha Patel,Chandigarh,CH
cust_00082,Riya Iyer,Jaipur,RJ
cust_00083,Pooja Reddy,Mumbai,MH
cust_00084,Aarav Choudhury,Ahmedabad,GJ
cust_00085,Neha Bose,Mumbai,MH
cust_00086,Aditya Kulkarni,Jaipur,RJ
cust_00087,Ananya Malhotra,Chennai,TN
cust_00088,Nikhil Gupta,Pune,MH
cust_00089,Kavya Gupta,Jaipur,RJ
cust_00090,Rahul Choudhury,Mumbai,MH
cust_00091,Nikhil Deshmukh,Delhi,DL
cust_00092,Kavya Malhotra,Chennai,TN
cust_00093,Siddharth Gupta,Jaipur,RJ
cust_00094,Siddharth Joshi,Pune,MH
cust_00095,Tanvi Nair,Kolkata,WB
cust_00096,Priya Mehta,Kolkata,WB
cust_00097,Rohan Singh,Delhi,DL
cust_00098,Riya Patel,Bengaluru,KA
cust_00099,Karan Mehta,Kolkata,WB
cust_00100,Arjun Gupta,Jaipur,RJ
cust_00101,Ananya Iyer,Mumbai,MH
cust_00102,Aditi Patel,Pune,MH
cust_00103,Vikram Bose,Chandigarh,CH
cust_00104,Kavya Malhotra,Ahmedabad,GJ
cust_00105,Aarav Singh,Chandigarh,CH
cust_00106,Sneha Reddy,Bengaluru,KA
cust_00107,Ananya Joshi,Ahmedabad,GJ
cust_00108,Neha Patel,Ahmedabad,GJ
cust_00109,Priya Gupta,Bengaluru,KA
cust_00110,Ananya Reddy,Chandigarh,CH
cust_00111,Neha Verma,Jaipur,RJ
cust_00112,Priya Kulkarni,Ahmedabad,GJ
cust_00113,Pooja Verma,Mumbai,MH
cust_00114,Rahul Gupta,Delhi,DL
cust_00115,Sneha Mehta,Bengaluru,KA
cust_00116,Pooja Joshi,Kolkata,WB
cust_00117,Rahul Reddy,Bengaluru,KA
cust_00118,Tanvi Joshi,Ahmedabad,GJ
cust_00119,Rohan Joshi,Chandigarh,CH
cust_00120,Arjun Nair,Jaipur,RJ
cust_00121,Varun Joshi,Pune,MH
cust_00122,Karan Sharma,Bengaluru,KA
cust_00123,Nikhil Iyer,Pune,MH
cust_00124,Arjun Sharma,Pune,MH
cust_00125,Kavya Iyer,Bengaluru,KA
cust_00126,Tanvi Deshmukh,Mumbai,MH
cust_00127,Kavya Bose,Jaipur,RJ
cust_00128,Sneha Singh,Delhi,DL
cust_00129,Ananya Mehta,Delhi,DL
cust_00130,Riya Sharma,Pune,MH
cust_00131,Varun Gupta,Hyderabad,TS
cust_00132,Ananya Nair,Chennai,TN
cust_00133,Rahul Malhotra,Pune,MH
cust_00134,Ishita Bose,Delhi,DL
cust_00135,Tanvi Mehta,Hyderabad,TS
cust_00136,Pooja Nair,Jaipur,RJ
cust_00137,Riya Singh,Ahmedabad,GJ
cust_00138,Ananya Gupta,Delhi,DL
cust_00139,Varun Malhotra,Kolkata,WB
cust_00140,Neha Bose,Chennai,TN
cust_00141,Karan Bose,Chandigarh,CH
cust_00142,Rahul Mehta,Pune,MH
cust_00143,Karan Malhotra,Jaipur,RJ
cust_00144,Riya Iyer,Ahmedabad,GJ
cust_00145,Pooja Malhotra,Mumbai,MH
cust_00146,Aditya Nair,Jaipur,RJ
cust_00147,Aarav Nair,Pune,MH
cust_00148,Siddharth Gupta,Chennai,TN
cust_00149,Ishita Joshi,Hyderabad,TS
cust_00150,Priya Deshmukh,Mumbai,MH
cust_00151,Rohan Gupta,Mumbai,MH
cust_00152,Rahul Mehta,Ahmedabad,GJ
cust_00153,Neha Choudhury,Chennai,TN
cust_00154,Rohan Nair,Mumbai,MH
cust_00155,Siddharth Malhotra,Mumbai,MH
cust_00156,Kavya Mehta,Pune,MH
cust_00157,Sneha Iyer,Chandigarh,CH
cust_00158,Riya Patel,Hyderabad,TS
cust_00159,Arjun Iyer,Delhi,DL
cust_00160,Varun Verma,Chandigarh,CH
cust_00161,Ananya Reddy,Bengaluru,KA
cust_00162,Rohan Choudhury,Delhi,DL
cust_00163,Karan Iyer,Pune,MH
cust_00164,Neha Mehta,Chandigarh,CH
cust_00165,Priya Singh,Mumbai,MH
cust_00166,Tanvi Sharma,Delhi,DL
cust_00167,Sneha Singh,Hyderabad,TS
cust_00168,Aarav Nair,Pune,MH
cust_00169,Pooja Sharma,Hyderabad,TS
cust_00170,Pooja Gupta,Delhi,DL
cust_00171,Neha Nair,Ahmedabad,GJ
cust_00172,Karan Nair,Bengaluru,KA
cust_00173,Pooja Choudhury,Jaipur,RJ
cust_00174,Siddharth Choudhury,Bengaluru,KA
cust_00175,Sneha Kulkarni,Mumbai,MH
cust_00176,Nikhil Choudhury,Chandigarh,CH
cust_00177,Aditi Deshmukh,Ahmedabad,GJ
cust_00178,Neha Bose,Ahmedabad,GJ
cust_00179,Aarav Sharma,Bengaluru,KA
cust_00180,Sneha Choudhury,Kolkata,WB
cust_00181,Priya Choudhury,Bengaluru,KA
cust_00182,Ishita Kulkarni,Bengaluru,KA
cust_00183,Neha Mehta,Delhi,DL
cust_00184,Neha Mehta,Kolkata,WB
cust_00185,Priya Patel,Kolkata,WB
cust_00186,Nikhil Gupta,Jaipur,RJ
cust_00187,Ishita Deshmukh,Delhi,DL
cust_00188,Rohan Choudhury,Chandigarh,CH
cust_00189,Karan Bose,Chandigarh,CH
cust_00190,Ishita Kulkarni,Delhi,DL
cust_00191,Karan Deshmukh,Mumbai,MH
cust_00192,Arjun Bose,Chennai,TN
cust_00193,Nikhil Deshmukh,Hyderabad,TS
cust_00194,Riya Reddy,Kolkata,WB
cust_00195,Tanvi Mehta,Hyderabad,TS
cust_00196,Siddharth Sharma,Ahmedabad,GJ
cust_00197,Sneha Mehta,Hyderabad,TS
cust_00198,Varun Malhotra,Mumbai,MH
cust_00199,Aditi Sharma,Kolkata,WB
cust_00200,Varun Nair,Delhi,DL
cust_00201,Arjun Verma,Bengaluru,KA
cust_00202,Ananya Malhotra,Mumbai,MH
cust_00203,Priya Patel,Hyderabad,TS
cust_00204,Rohan Reddy,Hyderabad,TS
cust_00205,Neha Iyer,Hyderabad,TS
cust_00206,Riya Kulkarni,Bengaluru,KA
cust_00207,Sneha Joshi,Delhi,DL
cust_00208,Vikram Deshmukh,Mumbai,MH
cust_00209,Aditya Mehta,Chennai,TN
cust_00210,Sneha Bose,Hyderabad,TS
cust_00211,Pooja Reddy,Bengaluru,KA
cust_00212,Riya Malhotra,Chennai,TN
cust_00213,Neha Joshi,Bengaluru,KA
cust_00214,Tanvi Verma,Chandigarh,CH
cust_00215,Rahul Choudhury,Bengaluru,KA
cust_00216,Rahul Joshi,Jaipur,RJ
cust_00217,Rohan Joshi,Pune,MH
cust_00218,Tanvi Reddy,Ahmedabad,GJ
cust_00219,Karan Deshmukh,Kolkata,WB
cust_00220,Neha Kulkarni,Pune,MH
cust_00221,Ananya Iyer,Delhi,DL
cust_00222,Priya Nair,Ahmedabad,GJ
cust_00223,Priya Kulkarni,Mumbai,MH
cust_00224,Kavya Joshi,Bengaluru,KA
cust_00225,Siddharth Mehta,Hyderabad,TS
cust_00226,Tanvi Deshmukh,Pune,MH
cust_00227,Priya Reddy,Delhi,DL
cust_00228,Ishita Deshmukh,Bengaluru,KA
cust_00229,Karan Reddy,Pune,MH
cust_00230,Pooja Choudhury,Hyderabad,TS
cust_00231,Neha Deshmukh,Mumbai,MH
cust_00232,Vikram Deshmukh,Ahmedabad,GJ
cust_00233,Rahul Deshmukh,Delhi,DL
cust_00234,Ishita Reddy,Chandigarh,CH
cust_00235,Neha Malhotra,Kolkata,WB
cust_00236,Vikram Nair,Delhi,DL
cust_00237,Pooja Joshi,Chennai,TN
cust_00238,Rohan Bose,Ahmedabad,GJ
cust_00239,Vikram Reddy,Bengaluru,KA
cust_00240,Ishita Malhotra,Hyderabad,TS
cust_00241,Priya Deshmukh,Chandigarh,CH
cust_00242,Rahul Bose,Bengaluru,KA
cust_00243,Neha Iyer,Chandigarh,CH
cust_00244,Rahul Choudhury,Delhi,DL
cust_00245,Sneha Choudhury,Kolkata,WB
cust_00246,Aarav Patel,Delhi,DL
cust_00247,Varun Deshmukh,Pune,MH
cust_00248,Pooja Mehta,Pune,MH
cust_00249,Sneha Mehta,Chennai,TN
cust_00250,Vikram Reddy,Delhi,DL
cust_00251,Aarav Verma,Chandigarh,CH
cust_00252,Aarav Verma,Ahmedabad,GJ
cust_00253,Varun Joshi,Chandigarh,CH
cust_00254,Rahul Gupta,Jaipur,RJ
cust_00255,Tanvi Singh,Hyderabad,TS
cust_00256,Vikram Malhotra,Chandigarh,CH
cust_00257,Rohan Gupta,Delhi,DL
cust_00258,Karan Nair,Bengaluru,KA
cust_00259,Siddharth Singh,Chennai,TN
cust_00260,Nikhil Sharma,Mumbai,MH
cust_00261,Sneha Kulkarni,Bengaluru,KA
cust_00262,Nikhil Kulkarni,Chandigarh,CH
cust_00263,Arjun Mehta,Pune,MH
cust_00264,Pooja Bose,Hyderabad,TS
cust_00265,Rohan Iyer,Chennai,TN
cust_00266,Arjun Kulkarni,Mumbai,MH
cust_00267,Neha Joshi,Pune,MH
cust_00268,Riya Bose,Bengaluru,KA
cust_00269,Priya Iyer,Ahmedabad,GJ
cust_00270,Ishita Mehta,Chennai,TN
cust_00271,Ishita Nair,Kolkata,WB
cust_00272,Rohan Verma,Pune,MH
cust_00273,Aarav Patel,Chennai,TN
cust_00274,Varun Deshmukh,Mumbai,MH
cust_00275,Priya Iyer,Mumbai,MH
cust_00276,Neha Sharma,Chandigarh,CH
cust_00277,Riya Sharma,Delhi,DL
cust_00278,Varun Gupta,Chennai,TN
cust_00279,Arjun Patel,Mumbai,MH
cust_00280,Rohan Patel,Hyderabad,TS
cust_00281,Aditya Gupta,Ahmedabad,GJ
cust_00282,Tanvi Sharma,Hyderabad,TS
cust_00283,Ishita Bose,Bengaluru,KA
cust_00284,Rohan Bose,Ahmedabad,GJ
cust_00285,Rohan Singh,Hyderabad,TS
cust_00286,Aditi Singh,Mumbai,MH
cust_00287,Varun Bose,Ahmedabad,GJ
cust_00288,Sneha Deshmukh,Chandigarh,CH
cust_00289,Riya Verma,Chennai,TN
cust_00290,Siddharth Deshmukh,Bengaluru,KA
cust_00291,Riya Deshmukh,Jaipur,RJ
cust_00292,Siddharth Sharma,Jaipur,RJ
cust_00293,Tanvi Deshmukh,Jaipur,RJ
cust_00294,Aditya Iyer,Chandigarh,CH
cust_00295,Varun Deshmukh,Hyderabad,TS
cust_00296,Siddharth Sharma,Chennai,TN
cust_00297,Rahul Patel,Mumbai,MH
cust_00298,Vikram Sharma,Delhi,DL
cust_00299,Siddharth Nair,Hyderabad,TS
cust_00300,Sneha Mehta,Kolkata,WB
cust_00301,Pooja Choudhury,Chennai,TN
cust_00302,Ananya Verma,Chennai,TN
cust_00303,Vikram Sharma,Hyderabad,TS
cust_00304,Ishita Deshmukh,Hyderabad,TS
cust_00305,Kavya Sharma,Pune,MH
cust_00306,Ananya Verma,Chennai,TN
cust_00307,Priya Verma,Chandigarh,CH
cust_00308,Aditya Singh,Hyderabad,TS
cust_00309,Riya Gupta,Delhi,DL
cust_00310,Ishita Sharma,Chandigarh,CH
cust_00311,Kavya Singh,Jaipur,RJ
cust_00312,Ananya Singh,Ahmedabad,GJ
cust_00313,Varun Choudhury,Pune,MH
cust_00314,Ananya Iyer,Ahmedabad,GJ
cust_00315,Rahul Gupta,Bengaluru,KA
cust_00316,Varun Singh,Chandigarh,CH
cust_00317,Kavya Gupta,Ahmedabad,GJ
cust_00318,Siddharth Iyer,Kolkata,WB
cust_00319,Varun Kulkarni,Hyderabad,TS
cust_00320,Aditya Patel,Chandigarh,CH
cust_00321,Vikram Choudhury,Bengaluru,KA
cust_00322,Arjun Reddy,Jaipur,RJ
cust_00323,Varun Singh,Chandigarh,CH
cust_00324,Tanvi Choudhury,Hyderabad,TS
cust_00325,Arjun Reddy,Chandigarh,CH
cust_00326,Varun Iyer,Chennai,TN
cust_00327,Neha Mehta,Jaipur,RJ
cust_00328,Aarav Iyer,Jaipur,RJ
cust_00329,Pooja Gupta,Delhi,DL
cust_00330,Pooja Kulkarni,Jaipur,RJ
cust_00331,Siddharth Kulkarni,Pune,MH
cust_00332,Aarav Choudhury,Kolkata,WB
cust_00333,Nikhil Sharma,Kolkata,WB
cust_00334,Tanvi Malhotra,Mumbai,MH
cust_00335,Arjun Bose,Jaipur,RJ
cust_00336,Tanvi Mehta,Delhi,DL
cust_00337,Karan Iyer,Chennai,TN
cust_00338,Aarav Gupta,Chennai,TN
cust_00339,Rohan Choudhury,Hyderabad,TS
cust_00340,Tanvi Joshi,Ahmedabad,GJ
cust_00341,Ishita Joshi,Chandigarh,CH
cust_00342,Tanvi Deshmukh,Mumbai,MH
cust_00343,Riya Bose,Bengaluru,KA
cust_00344,Nikhil Verma,Hyderabad,TS
cust_00345,Neha Malhotra,Bengaluru,KA
cust_00346,Vikram Iyer,Kolkata,WB
cust_00347,Pooja Joshi,Ahmedabad,GJ
cust_00348,Sneha Kulkarni,Chandigarh,CH
cust_00349,Aditi Joshi,Pune,MH
cust_00350,Ishita Bose,Jaipur,RJ
cust_00351,Ishita Verma,Hyderabad,TS
cust_00352,Varun Patel,Delhi,DL
cust_00353,Priya Gupta,Hyderabad,TS
cust_00354,Aditi Deshmukh,Chennai,TN
cust_00355,Rohan Singh,Ahmedabad,GJ
cust_00356,Sneha Kulkarni,Mumbai,MH
cust_00357,Sneha Verma,Jaipur,RJ
cust_00358,Nikhil Malhotra,Pune,MH
cust_00359,Kavya Singh,Kolkata,WB
cust_00360,Arjun Choudhury,Hyderabad,TS
cust_00361,Vikram Patel,Chennai,TN
cust_00362,Nikhil Malhotra,Mumbai,MH
cust_00363,Rahul Verma,Ahmedabad,GJ
cust_00364,Karan Kulkarni,Mumbai,MH
cust_00365,Ishita Bose,Bengaluru,KA
cust_00366,Arjun Nair,Delhi,DL
cust_00367,Vikram Malhotra,Kolkata,WB
cust_00368,Rahul Joshi,Hyderabad,TS
cust_00369,Aditi Patel,Kolkata,WB
cust_00370,Pooja Sharma,Pune,MH
cust_00371,Kavya Bose,Hyderabad,TS
cust_00372,Aarav Deshmukh,Delhi,DL
cust_00373,Karan Mehta,Ahmedabad,GJ
cust_00374,Aditya Verma,Kolkata,WB
cust_00375,Aditi Sharma,Kolkata,WB
cust_00376,Nikhil Deshmukh,Delhi,DL
cust_00377,Ananya Joshi,Kolkata,WB
cust_00378,Ishita Nair,Chandigarh,CH
cust_00379,Karan Kulkarni,Chennai,TN
cust_00380,Aarav Choudhury,Pune,MH
cust_00381,Siddharth Verma,Delhi,DL
cust_00382,Riya Kulkarni,Hyderabad,TS
cust_00383,Aarav Iyer,Pune,MH
cust_00384,Rohan Nair,Delhi,DL
cust_00385,Sneha Iyer,Bengaluru,KA
cust_00386,Ananya Reddy,Ahmedabad,GJ
cust_00387,Priya Deshmukh,Kolkata,WB
cust_00388,Rohan Verma,Jaipur,RJ
cust_00389,Neha Joshi,Jaipur,RJ
cust_00390,Aarav Singh,Bengaluru,KA
cust_00391,Karan Choudhury,Hyderabad,TS
cust_00392,Siddharth Choudhury,Mumbai,MH
cust_00393,Priya Mehta,Kolkata,WB
cust_00394,Priya Reddy,Hyderabad,TS
cust_00395,Rohan Deshmukh,Mumbai,MH
cust_00396,Pooja Joshi,Mumbai,MH
cust_00397,Rohan Malhotra,Kolkata,WB
cust_00398,Rohan Nair,Chandigarh,CH
cust_00399,Ananya Iyer,Hyderabad,TS
cust_00400,Riya Gupta,Chennai,TN
cust_00401,Neha Singh,Mumbai,MH
cust_00402,Kavya Patel,Hyderabad,TS
cust_00403,Vikram Deshmukh,Kolkata,WB
cust_00404,Aditya Kulkarni,Delhi,DL
cust_00405,Rohan Choudhury,Chennai,TN
cust_00406,Karan Choudhury,Jaipur,RJ
cust_00407,Sneha Deshmukh,Hyderabad,TS
cust_00408,Vikram Sharma,Delhi,DL
cust_00409,Aditya Bose,Chennai,TN
cust_00410,Aditi Mehta,Bengaluru,KA
cust_00411,Nikhil Malhotra,Pune,MH
cust_00412,Aditi Joshi,Chandigarh,CH
cust_00413,Vikram Deshmukh,Hyderabad,TS
cust_00414,Karan Bose,Jaipur,RJ
cust_00415,Neha Iyer,Mumbai,MH
cust_00416,Karan Verma,Pune,MH
cust_00417,Ananya Reddy,Ahmedabad,GJ
cust_00418,Ananya Patel,Mumbai,MH
cust_00419,Siddharth Choudhury,Hyderabad,TS
cust_00420,Tanvi Sharma,Jaipur,RJ
cust_00421,Ishita Joshi,Bengaluru,KA
cust_00422,Aditi Sharma,Mumbai,MH
cust_00423,Priya Iyer,Chennai,TN
cust_00424,Riya Reddy,Hyderabad,TS
cust_00425,Ishita Bose,Hyderabad,TS
cust_00426,Neha Deshmukh,Pune,MH
cust_00427,Arjun Singh,Mumbai,MH
cust_00428,Siddharth Malhotra,Pune,MH
cust_00429,Karan Sharma,Jaipur,RJ
cust_00430,Aditi Iyer,Chandigarh,CH
cust_00431,Siddharth Nair,Delhi,DL
cust_00432,Neha Singh,Kolkata,WB
cust_00433,Aditi Bose,Kolkata,WB
cust_00434,Sneha Reddy,Hyderabad,TS
cust_00435,Nikhil Gupta,Mumbai,MH
cust_00436,Priya Mehta,Hyderabad,TS
cust_00437,Rahul Nair,Pune,MH
cust_00438,Nikhil Choudhury,Bengaluru,KA
cust_00439,Nikhil Iyer,Jaipur,RJ
cust_00440,Vikram Gupta,Kolkata,WB
cust_00441,Aditi Iyer,Ahmedabad,GJ
cust_00442,Aarav Singh,Delhi,DL
cust_00443,Neha Iyer,Bengaluru,KA
cust_00444,Ishita Patel,Pune,MH
cust_00445,Karan Joshi,Delhi,DL
cust_00446,Kavya Singh,Ahmedabad,GJ
cust_00447,Ananya Nair,Mumbai,MH
cust_00448,Sneha Iyer,Kolkata,WB
cust_00449,Ananya Joshi,Kolkata,WB
cust_00450,Sneha Joshi,Bengaluru,KA
cust_00451,Rohan Mehta,Chennai,TN
cust_00452,Rohan Choudhury,Chandigarh,CH
cust_00453,Karan Patel,Chennai,TN
cust_00454,Pooja Malhotra,Bengaluru,KA
cust_00455,Rahul Mehta,Chandigarh,CH
cust_00456,Karan Nair,Hyderabad,TS
cust_00457,Kavya Nair,Pune,MH
cust_00458,Pooja Reddy,Ahmedabad,GJ
cust_00459,Rahul Joshi,Chandigarh,CH
cust_00460,Vikram Reddy,Mumbai,MH
cust_00461,Arjun Joshi,Chandigarh,CH
cust_00462,Karan Joshi,Chandigarh,CH
cust_00463,Priya Nair,Mumbai,MH
cust_00464,Karan Malhotra,Pune,MH
cust_00465,Kavya Choudhury,Hyderabad,TS
cust_00466,Priya Malhotra,Kolkata,WB
cust_00467,Aditi Singh,Pune,MH
cust_00468,Riya Kulkarni,Chennai,TN
cust_00469,Aarav Nair,Delhi,DL
cust_00470,Tanvi Joshi,Ahmedabad,GJ
cust_00471,Karan Nair,Bengaluru,KA
cust_00472,Pooja Singh,Ahmedabad,GJ
cust_00473,Priya Singh,Pune,MH
cust_00474,Ishita Sharma,Pune,MH
cust_00475,Tanvi Choudhury,Kolkata,WB
cust_00476,Aditi Gupta,Hyderabad,TS
cust_00477,Kavya Malhotra,Chennai,TN
cust_00478,Riya Kulkarni,Ahmedabad,GJ
cust_00479,Neha Bose,Hyderabad,TS
cust_00480,Rahul Iyer,Chandigarh,CH
cust_00481,Riya Mehta,Delhi,DL
cust_00482,Riya Mehta,Hyderabad,TS
cust_00483,Aditi Nair,Ahmedabad,GJ
cust_00484,Varun Singh,Jaipur,RJ
cust_00485,Pooja Nair,Pune,MH
cust_00486,Ishita Sharma,Ahmedabad,GJ
cust_00487,Neha Kulkarni,Kolkata,WB
cust_00488,Riya Verma,Hyderabad,TS
cust_00489,Sneha Bose,Ahmedabad,GJ
cust_00490,Karan Malhotra,Ahmedabad,GJ
cust_00491,Priya Sharma,Hyderabad,TS
cust_00492,Rahul Mehta,Hyderabad,TS
cust_00493,Tanvi Verma,Ahmedabad,GJ
cust_00494,Pooja Singh,Chennai,TN
cust_00495,Aditi Singh,Chandigarh,CH
cust_00496,Arjun Malhotra,Ahmedabad,GJ
cust_00497,Kavya Deshmukh,Delhi,DL
cust_00498,Rohan Iyer,Hyderabad,TS
cust_00499,Vikram Mehta,Delhi,DL
cust_00500,Rohan Gupta,Bengaluru,KA
