seller_id,display_name,city,state,rating
sel_0001,Apex Trading Co.,Kolkata,WB,4.3
sel_0002,Aero Direct,Chennai,TN,4.5
sel_0003,Zenith Direct,Bengaluru,KA,4.3
sel_0004,Elite Electronics,Pune,MH,4.4
sel_0005,NexStore Retailers,Pune,MH,4.7
sel_0006,Prime Hub,Kolkata,WB,4.3
sel_0007,Aero Logistics,Chandigarh,CH,4.6
sel_0008,NexStore Trading Co.,Chennai,TN,4.2
sel_0009,Zenith Enterprises,Chandigarh,CH,4.8
sel_0010,Elite Trading Co.,Hyderabad,TS,4.3
sel_0011,Volt Direct,Delhi,DL,4.8
sel_0012,NexStore Direct,Chennai,TN,4.4
sel_0013,Volt Enterprises,Hyderabad,TS,4.6
sel_0014,Aero Trading Co.,Chennai,TN,4.4
sel_0015,NexStore Commerce,Chandigarh,CH,4.5
sel_0016,Zenith Trading Co.,Mumbai,MH,4.4
sel_0017,Zenith Commerce,Bengaluru,KA,4.8
sel_0018,Urban Hub,Chandigarh,CH,4.8
sel_0019,Metro Direct,Delhi,DL,4.7
sel_0020,Horizon Hub,Hyderabad,TS,4.7
sel_0021,Zenith Electronics,Delhi,DL,4.8
sel_0022,Prime Retailers,Jaipur,RJ,4.6
sel_0023,NexStore Enterprises,Ahmedabad,GJ,4.7
sel_0024,Volt Retailers,Chennai,TN,4.3
sel_0025,NexStore Trading Co.,Delhi,DL,4.3
sel_0026,Horizon Retailers,Kolkata,WB,4.6
sel_0027,Urban Electronics,Pune,MH,4.6
sel_0028,Apex Enterprises,Ahmedabad,GJ,4.6
sel_0029,Metro Retailers,Chandigarh,CH,4.5
sel_0030,Elite Solutions,Jaipur,RJ,4.4
sel_0031,Metro Electronics,Ahmedabad,GJ,4.6
sel_0032,Zenith Solutions,Pune,MH,4.9
sel_0033,Volt Retailers,Pune,MH,4.3
sel_0034,Elite Logistics,Delhi,DL,4.6
sel_0035,Metro Hub,Bengaluru,KA,4.7
sel_0036,Horizon Trading Co.,Kolkata,WB,4.8
sel_0037,Metro Enterprises,Kolkata,WB,4.7
sel_0038,Apex Retailers,Kolkata,WB,4.6
sel_0039,Urban Retailers,Chandigarh,CH,4.9
sel_0040,Metro Hub,Bengaluru,KA,4.3
sel_0041,Metro Commerce,Chandigarh,CH,4.7
sel_0042,Elite Trading Co.,Chandigarh,CH,4.4
sel_0043,Metro Enterprises,Hyderabad,TS,4.8
sel_0044,Elite Retailers,Hyderabad,TS,4.5
sel_0045,Elite Retailers,Jaipur,RJ,4.3
sel_0046,Zenith Commerce,Pune,MH,4.6
sel_0047,Aero Trading Co.,Bengaluru,KA,4.6
sel_0048,Apex Solutions,Jaipur,RJ,4.7
sel_0049,Volt Retailers,Jaipur,RJ,4.3
sel_0050,Horizon Logistics,Mumbai,MH,4.4
sel_0051,Elite Hub,Hyderabad,TS,4.8
sel_0052,Apex Trading Co.,Chennai,TN,4.3
sel_0053,Prime Electronics,Delhi,DL,4.3
sel_0054,Zenith Commerce,Hyderabad,TS,4.4
sel_0055,Metro Trading Co.,Ahmedabad,GJ,4.7
sel_0056,Apex Retailers,Pune,MH,4.2
sel_0057,Volt Commerce,Ahmedabad,GJ,4.4
sel_0058,Horizon Hub,Mumbai,MH,4.4
sel_0059,Metro Electronics,Hyderabad,TS,4.5
sel_0060,Prime Electronics,Mumbai,MH,4.8
